Timestamp,Entry
1/1/2023 3:07,I woke up early today and had a refreshing breakfast.
1/2/2023 16:25,I went for a walk in the park during my lunch break.
1/3/2023 10:32,I had a productive meeting with my colleagues in the afternoon.
1/3/2023 13:10,I watched my favorite TV show and relaxed before going to bed.
1/5/2023 13:57,I had a cup of coffee to start my day.
1/5/2023 23:14,I met a friend for lunch at a new restaurant in town.
1/6/2023 10:03,I completed a challenging task at work and felt accomplished.
1/6/2023 23:29,I attended a yoga class in the evening to unwind.
1/7/2023 0:05,I spent the morning reading a book in the park.
1/7/2023 5:24,I received good news about a promotion at work.
1/7/2023 10:05,I cooked a delicious dinner for myself and enjoyed it.
1/7/2023 14:26,I went for a run and had an energizing workout.
1/9/2023 12:38,I attended a team meeting and shared my ideas.
1/9/2023 15:51,I had a video call with my family and caught up with them.
1/10/2023 11:59,I stayed up late watching a movie and had a cozy night.
1/10/2023 14:49,I planned my weekend activities and made a to-do list.
1/11/2023 10:36,I visited a museum and explored the exhibits.
1/12/2023 12:54,I played my favorite musical instrument and practiced new melodies.
1/12/2023 21:04,I went to a concert and enjoyed live music.
1/13/2023 7:56,I went hiking with friends and admired the beautiful scenery.
1/13/2023 22:52,I wrote in my journal and reflected on my thoughts.
1/15/2023 12:33,I volunteered at a local charity event and helped others.
1/17/2023 3:40,I had brunch with my family and shared laughter.
1/17/2023 15:34,I completed a DIY project and felt proud of my accomplishment.
1/20/2023 19:26,I attended a workshop on personal development.
1/20/2023 22:30,I had a picnic in the park and enjoyed the sunny weather.
1/21/2023 10:25,I meditated and practiced mindfulness in the morning.
1/21/2023 15:56,I tried a new recipe for lunch and it turned out delicious.
1/22/2023 4:12,I went shopping and bought some new clothes.
1/22/2023 19:31,I called a friend and had a long conversation.
1/22/2023 23:01,I attended a conference and learned new skills.
1/23/2023 5:21,I had a team outing and enjoyed playing games with colleagues.
1/23/2023 6:14,I went to the gym and had an intense workout session.
1/23/2023 21:23,I visited a local market and bought fresh produce.
1/23/2023 23:35,I had a productive brainstorming session with my team.
1/24/2023 11:58,I practiced a musical instrument and learned a new song.
1/25/2023 7:56,I had dinner at a fancy restaurant and tried new cuisines.
1/26/2023 21:19,I woke up early to catch a sunrise at the beach.
1/28/2023 3:23,I went to a theater and watched a captivating play.
1/29/2023 2:49,I went for a bike ride and explored new trails.
1/29/2023 3:45,I attended a social gathering and had a fun-filled evening.
1/29/2023 19:57,I attended a workshop on photography and learned new techniques.
1/30/2023 4:56,I had a picnic with friends and enjoyed a potluck lunch.
1/31/2023 6:29,I went to a book signing event and met my favorite author.
2/1/2023 1:06,I went stargazing and observed the night sky.
2/1/2023 4:41,I visited a local art gallery and admired the beautiful artwork.
2/1/2023 10:50,I spent the afternoon gardening and planting new flowers.
2/2/2023 0:08,I watched a thrilling sports match on TV and cheered for my team.
2/2/2023 3:02,I went for a morning swim and enjoyed the cool water.
2/2/2023 6:20,I had a family gathering and celebrated a special occasion.
2/2/2023 23:51,I completed a challenging puzzle and felt accomplished.
2/3/2023 9:39,I attended a live concert and danced to the music.
2/3/2023 15:24,I visited a historical site and learned about its significance.
2/3/2023 22:16,I had a picnic by the lake and enjoyed the serene surroundings.
2/4/2023 8:48,I went to a comedy show and had a great time laughing.
2/4/2023 9:20,I woke up early and watched the sunrise from my balcony.
2/5/2023 11:47,I had a team lunch and celebrated a successful project completion.
2/5/2023 18:50,I went for a hike and enjoyed nature's beauty.
2/5/2023 21:32,I relaxed in a hot bath and had a peaceful evening.
2/5/2023 21:53,I wrote a gratitude list and reflected on things I'm thankful for.
2/6/2023 3:23,I visited a local zoo and observed various animals.
2/6/2023 3:34,I attended a painting class and created a beautiful artwork.
2/6/2023 21:48,I went to a music festival and enjoyed live performances.
2/6/2023 22:38,I volunteered at a community center and helped organize an event.
2/8/2023 3:59,I had a movie marathon and watched my favorite films.
2/8/2023 12:19,I went on a road trip with friends and explored new places.
2/8/2023 19:41,I attended a seminar on personal finance and learned valuable tips.
2/9/2023 7:02,I visited a botanical garden and admired the diverse plant species.
2/9/2023 11:13,I spent the evening writing in my journal and reflecting on the week.
2/9/2023 22:10,"I had a cozy night at home, reading a book and sipping tea."
2/10/2023 4:49,I went for a bike ride and enjoyed the fresh morning air.
2/10/2023 21:46,I had a family brunch and shared laughter and stories.
2/11/2023 2:45,I visited an art exhibition and appreciated the creative works.
2/12/2023 1:41,I had a game night with friends and enjoyed friendly competition.
2/12/2023 11:10,I attended a meditation workshop and practiced mindfulness.
2/12/2023 12:50,I had a picnic in the park with a loved one and enjoyed quality time.
2/12/2023 14:10,I went for a swim in the ocean and felt refreshed.
2/12/2023 22:46,I went jogging in the park and had a rejuvenating workout.
2/12/2023 22:49,I had a lunch date with a friend and caught up on life.
2/13/2023 11:53,I attended a networking event and met interesting professionals.
2/16/2023 4:23,I had a bonfire by the beach and enjoyed roasting marshmallows.
2/16/2023 6:39,I woke up early and practiced yoga to start my day.
2/16/2023 17:12,I visited a local museum and learned about history.
2/17/2023 18:06,I went shopping and bought a thoughtful gift for a loved one.
2/17/2023 20:33,I had a cozy movie night at home with popcorn and blankets.
2/18/2023 2:14,I went for a nature walk and admired the beautiful landscapes.
2/19/2023 0:58,I had a team building activity at work and enjoyed team bonding.
2/20/2023 13:53,I called a family member and had a heartwarming conversation.
2/20/2023 15:34,I attended a live theater performance and appreciated the acting.
2/21/2023 0:28,I woke up early and had a nutritious breakfast.
2/21/2023 11:13,I went to a food festival and tried different cuisines.
2/22/2023 6:37,I visited a friend's art studio and admired their creative work.
2/22/2023 7:17,I had a relaxing bath with scented candles and soft music.
2/22/2023 9:14,I volunteered at a local shelter and spent time with rescued animals.
2/22/2023 22:01,I had a picnic in the park and enjoyed the sunny weather.
2/23/2023 5:10,I attended a concert and danced to my favorite music.
2/23/2023 9:16,I stayed up late reading a thrilling book and couldn't put it down.
2/23/2023 22:17,I received my paycheck today and deposited it in my bank account.
2/24/2023 21:08,I paid the monthly utility bills online.
2/25/2023 1:45,I made a budget for the upcoming month and set financial goals.
2/26/2023 10:51,I purchased a new book on personal finance and started reading it.
2/27/2023 13:49,I spent $20 on groceries for the week.
2/27/2023 15:31,I received a refund for a returned item and credited it to my credit card.
2/28/2023 2:06,I transferred $50 to my savings account as part of my savings plan.
2/28/2023 17:11,I reviewed my investment portfolio and made adjustments.
3/1/2023 8:06,I spent $10 on breakfast at a local cafe.
3/2/2023 1:06,I canceled a subscription service and saved $15 per month.
3/2/2023 5:48,I met with a financial advisor to discuss retirement planning.
3/2/2023 9:01,I sold some unused items online and earned $50 in extra income.
3/3/2023 0:22,I purchased a new pair of shoes for $80.
3/3/2023 2:49,I reviewed my credit card statement and made timely payments.
3/3/2023 6:45,I set up an automatic transfer to contribute $100 to my investment account.
3/3/2023 10:02,I met with an accountant to file my tax returns and discuss deductions.
3/3/2023 10:10,I spent $25 on a gym membership for the month.
3/4/2023 9:45,I received a discount coupon and used it to save $5 on a purchase.
3/6/2023 5:34,I reviewed my insurance policies and made adjustments for better coverage.
3/6/2023 10:40,I attended a financial literacy workshop and learned about investment strategies.
3/6/2023 17:19,I made a charitable donation of $50 to a local organization.
3/7/2023 4:18,I purchased a new laptop for $1000 to support my work.
3/8/2023 4:00,I compared prices before buying a new appliance and saved $30.
3/8/2023 5:49,I researched different credit card options and applied for one with better rewards.
3/8/2023 20:01,I withdrew $100 in cash for small expenses throughout the week.
3/10/2023 5:57,I paid my monthly rent of $1200 to my landlord.
3/10/2023 10:18,I reviewed my investment performance and assessed my returns.
3/10/2023 12:55,I attended a seminar on financial planning and learned about wealth management.
3/10/2023 15:28,I spent $15 on a movie ticket and enjoyed a film with friends.
3/10/2023 22:06,I had a doctor's appointment and paid a $30 co-payment.
3/11/2023 4:34,I purchased new office supplies for $50 to enhance productivity.
3/12/2023 13:55,I visited a financial institution and opened a high-yield savings account.
3/13/2023 4:20,I bought a birthday gift for a friend and spent $40 on it.
3/13/2023 10:26,I had a dentist appointment and paid for a routine check-up.
3/13/2023 14:48,I reviewed my credit report and checked for any errors or discrepancies.
3/13/2023 16:13,I attended a webinar on investment opportunities and diversification.
3/14/2023 4:20,I renewed my car insurance policy and paid the premium.
3/15/2023 17:06,I met with a real estate agent to discuss potential property investments.
3/15/2023 23:13,I received a refund for a canceled flight and credited it to my travel savings.
3/16/2023 4:28,I researched different retirement plans and opened an IRA account.
3/16/2023 4:48,I donated old clothes to a local charity and obtained a tax deduction receipt.
3/16/2023 13:39,I purchased a new smartphone for $800 to replace my old one.
3/17/2023 6:27,I met with an investment advisor to discuss long-term financial goals.
3/17/2023 12:42,I spent $20 on a subscription to a financial magazine for educational purposes.
3/17/2023 19:55,I paid for a home repair service and spent $150 on fixing a leak.
3/17/2023 21:15,I attended a seminar on retirement planning and learned about different strategies.
3/18/2023 17:09,I purchased a new printer for my home office and spent $100.
3/19/2023 3:30,I reviewed my investment portfolio and rebalanced it based on my risk tolerance.
3/19/2023 19:35,I spent $30 on a dinner date with a loved one at a fancy restaurant.
3/19/2023 23:12,I visited a financial advisor to discuss college savings plans for my child.
3/20/2023 0:19,I made a donation to a local animal shelter and helped support their cause.
3/20/2023 22:15,I attended a webinar on cryptocurrency and gained insights into the market.
3/21/2023 5:27,I spent $50 on a new pair of running shoes for my fitness routine.
3/21/2023 15:37,I had a meeting with a mortgage broker to discuss home loan options.
3/22/2023 19:32,I purchased a new camera for my photography hobby and spent $500.
3/23/2023 1:51,I met with an estate planner to discuss inheritance and estate management.
3/23/2023 8:37,I paid $25 for a monthly subscription to a financial news publication.
3/23/2023 15:39,I had a doctor's appointment and paid for a prescription medication.
3/23/2023 17:17,I reviewed my monthly expenses and identified areas where I can cut costs.
3/24/2023 5:21,I attended a seminar on tax planning and learned about deductions and credits.
3/24/2023 12:10,I donated to a crowdfunding campaign supporting a local business venture.
3/27/2023 9:54,I had a meeting with a financial planner to discuss retirement savings strategies.
3/29/2023 0:24,I paid for a gym membership and enrolled in fitness classes for $80.
3/29/2023 5:22,I attended a webinar on stock market investing and learned about fundamental analysis.
3/30/2023 18:43,I spent $30 on a haircut and grooming services at a salon.
3/30/2023 22:05,I had a dentist appointment and paid for a teeth cleaning.
3/31/2023 2:31,I purchased a new laptop for $1000 to support my work.
3/31/2023 3:51,I visited a financial institution and opened a high-yield savings account.
3/31/2023 10:15,I bought a birthday gift for a friend and spent $40 on it.
3/31/2023 13:47,I had a doctor's appointment and paid a $30 co-payment.
4/2/2023 17:45,I reviewed my investment performance and assessed my returns.
4/3/2023 5:51,I attended a seminar on financial planning and learned about wealth management.
4/3/2023 14:05,I made a charitable donation of $50 to a local organization.
4/3/2023 20:45,I purchased a new laptop for $1000 to support my work.
4/4/2023 9:08,I compared prices before buying a new appliance and saved $30.
4/5/2023 8:08,I researched different credit card options and applied for one with better rewards.
4/5/2023 15:55,I withdrew $100 in cash for small expenses throughout the week.
4/5/2023 21:24,I paid my monthly rent of $1200 to my landlord.
4/6/2023 1:57,I reviewed my investment performance and assessed my returns.
4/7/2023 1:51,I attended a seminar on financial planning and learned about wealth management.
4/7/2023 2:05,I made a charitable donation of $50 to a local organization.
4/7/2023 13:34,I purchased a new laptop for $1000 to support my work.
4/8/2023 23:16,I compared prices before buying a new appliance and saved $30.
4/9/2023 6:10,I researched different credit card options and applied for one with better rewards.
4/9/2023 13:44,I withdrew $100 in cash for small expenses throughout the week.
4/9/2023 22:22,I paid my monthly rent of $1200 to my landlord.
4/10/2023 8:52,I reviewed my investment performance and assessed my returns.
4/11/2023 4:57,I attended a seminar on financial planning and learned about wealth management.
4/12/2023 14:18,I made a charitable donation of $50 to a local organization.
4/13/2023 3:01,I purchased a new laptop for $1000 to support my work.
4/13/2023 4:29,I compared prices before buying a new appliance and saved $30.
4/13/2023 6:08,I researched different credit card options and applied for one with better rewards.
4/13/2023 16:06,I withdrew $100 in cash for small expenses throughout the week.
4/13/2023 18:07,I paid my monthly rent of $1200 to my landlord.
4/14/2023 1:50,I reviewed my investment performance and assessed my returns.
4/14/2023 20:19,I attended a seminar on financial planning and learned about wealth management.
4/15/2023 13:46,I made a charitable donation of $50 to a local organization.
4/15/2023 19:02,I purchased a new laptop for $1000 to support my work.
4/17/2023 7:57,I compared prices before buying a new appliance and saved $30.
4/17/2023 9:35,I researched different credit card options and applied for one with better rewards.
4/17/2023 16:59,I withdrew $100 in cash for small expenses throughout the week.
4/18/2023 14:46,I paid my monthly rent of $1200 to my landlord.
4/18/2023 22:39,I reviewed my investment performance and assessed my returns.
4/19/2023 5:18,I attended a seminar on financial planning and learned about wealth management.
4/19/2023 7:00,I made a charitable donation of $50 to a local organization.
4/20/2023 19:30,I purchased a new laptop for $1000 to support my work.
4/20/2023 22:00,I compared prices before buying a new appliance and saved $30.
4/22/2023 4:06,I researched different credit card options and applied for one with better rewards.
4/22/2023 8:07,I withdrew $100 in cash for small expenses throughout the week.
4/22/2023 12:27,I paid my monthly rent of $1200 to my landlord.
4/22/2023 19:48,I reviewed my investment performance and assessed my returns.
4/23/2023 17:26,I attended a seminar on financial planning and learned about wealth management.
4/24/2023 7:04,I made a charitable donation of $50 to a local organization.
4/24/2023 11:39,I purchased a new laptop for $1000 to support my work.
4/25/2023 4:25,I compared prices before buying a new appliance and saved $30.
4/25/2023 17:43,I researched different credit card options and applied for one with better rewards.
4/26/2023 5:56,I withdrew $100 in cash for small expenses throughout the week.
4/26/2023 9:21,I paid my monthly rent of $1200 to my landlord.
4/26/2023 17:18,I reviewed my investment performance and assessed my returns.
4/27/2023 16:37,I attended a seminar on financial planning and learned about wealth management.
4/28/2023 2:19,I made a charitable donation of $50 to a local organization.
4/28/2023 5:27,I purchased a new laptop for $1000 to support my work.
4/28/2023 11:03,I compared prices before buying a new appliance and saved $30.
4/28/2023 17:01,I researched different credit card options and applied for one with better rewards.
4/28/2023 20:09,I withdrew $100 in cash for small expenses throughout the week.
4/29/2023 14:01,I paid my monthly rent of $1200 to my landlord.
4/29/2023 18:43,I reviewed my investment performance and assessed my returns.
5/1/2023 0:05,I attended a seminar on financial planning and learned about wealth management.
5/1/2023 3:05,I made a charitable donation of $50 to a local organization.
5/1/2023 6:14,I purchased a new laptop for $1000 to support my work.
5/2/2023 0:07,I compared prices before buying a new appliance and saved $30.
5/2/2023 8:44,I researched different credit card options and applied for one with better rewards.
5/3/2023 7:01,I withdrew $100 in cash for small expenses throughout the week.
5/3/2023 18:30,I paid my monthly rent of $1200 to my landlord.
5/4/2023 5:10,I reviewed my investment performance and assessed my returns.
5/5/2023 5:26,I attended a seminar on financial planning and learned about wealth management.
5/5/2023 6:14,I made a charitable donation of $50 to a local organization.
5/5/2023 12:39,I purchased a new laptop for $1000 to support my work.
5/5/2023 19:22,I compared prices before buying a new appliance and saved $30.
5/6/2023 3:35,I researched different credit card options and applied for one with better rewards.
5/6/2023 14:31,I withdrew $100 in cash for small expenses throughout the week.
5/6/2023 17:18,I paid my monthly rent of $1200 to my landlord.
5/6/2023 19:57,I reviewed my investment performance and assessed my returns.
5/8/2023 0:08,I attended a seminar on financial planning and learned about wealth management.
5/8/2023 2:31,I made a charitable donation of $50 to a local organization.
5/8/2023 6:22,I purchased a new laptop for $1000 to support my work.
5/8/2023 17:09,I compared prices before buying a new appliance and saved $30.
5/9/2023 3:05,I researched different credit card options and applied for one with better rewards.
5/9/2023 3:57,I withdrew $100 in cash for small expenses throughout the week.
5/9/2023 5:25,I paid my monthly rent of $1200 to my landlord.
5/9/2023 22:19,I reviewed my investment performance and assessed my returns.
5/10/2023 13:48,I attended a seminar on financial planning and learned about wealth management.
5/10/2023 22:32,I made a charitable donation of $50 to a local organization.
5/11/2023 13:32,I purchased a new laptop for $1000 to support my work.
5/13/2023 1:25,I compared prices before buying a new appliance and saved $30.
5/13/2023 19:36,I researched different credit card options and applied for one with better rewards.
5/13/2023 21:28,I withdrew $100 in cash for small expenses throughout the week.
5/14/2023 9:13,I paid my monthly rent of $1200 to my landlord.
5/14/2023 11:30,I reviewed my investment performance and assessed my returns.
5/14/2023 23:45,I attended a seminar on financial planning and learned about wealth management.
5/15/2023 3:56,I made a charitable donation of $50 to a local organization.
5/15/2023 19:26,I purchased a new laptop for $1000 to support my work.
5/16/2023 1:58,I compared prices before buying a new appliance and saved $30.
5/16/2023 13:02,I researched different credit card options and applied for one with better rewards.
5/16/2023 23:05,I withdrew $100 in cash for small expenses throughout the week.
5/17/2023 6:36,I paid my monthly rent of $1200 to my landlord.
5/18/2023 8:14,I reviewed my investment performance and assessed my returns.
5/18/2023 23:44,I attended a seminar on financial planning and learned about wealth management.
5/19/2023 19:59,I made a charitable donation of $50 to a local organization.
5/20/2023 23:37,I purchased a new laptop for $1000 to support my work.
5/21/2023 22:20,I compared prices before buying a new appliance and saved $30.
5/22/2023 12:30,I researched different credit card options and applied for one with better rewards.
5/22/2023 14:19,I withdrew $100 in cash for small expenses throughout the week.
5/23/2023 13:49,I paid my monthly rent of $1200 to my landlord.
5/24/2023 9:37,I reviewed my investment performance and assessed my returns.
5/24/2023 13:51,I attended a seminar on financial planning and learned about wealth management.
5/25/2023 1:46,I made a charitable donation of $50 to a local organization.
5/25/2023 1:54,I purchased a new laptop for $1000 to support my work.
5/25/2023 8:41,I compared prices before buying a new appliance and saved $30.
5/25/2023 12:52,I researched different credit card options and applied for one with better rewards.
5/25/2023 22:21,I withdrew $100 in cash for small expenses throughout the week.
5/26/2023 23:31,I paid my monthly rent of $1200 to my landlord.
5/27/2023 8:20,I reviewed my investment performance and assessed my returns.
5/27/2023 10:56,I attended a seminar on financial planning and learned about wealth management.
5/28/2023 11:29,I made a charitable donation of $50 to a local organization.
5/29/2023 0:49,I purchased a new laptop for $1000 to support my work.
5/29/2023 3:07,I compared prices before buying a new appliance and saved $30.
5/29/2023 17:31,I researched different credit card options and applied for one with better rewards.
5/30/2023 6:21,I withdrew $100 in cash for small expenses throughout the week.
5/30/2023 10:35,I paid my monthly rent of $1200 to my landlord.
6/1/2023 23:20,I reviewed my investment performance and assessed my returns.
6/2/2023 12:12,I attended a seminar on financial planning and learned about wealth management.
6/2/2023 18:13,I made a charitable donation of $50 to a local organization.
6/2/2023 19:34,I purchased a new laptop for $1000 to support my work.
6/3/2023 11:37,I compared prices before buying a new appliance and saved $30.
6/3/2023 13:37,I researched different credit card options and applied for one with better rewards.
6/3/2023 19:48,I withdrew $100 in cash for small expenses throughout the week.
6/3/2023 19:52,I paid my monthly rent of $1200 to my landlord.
6/4/2023 11:08,I reviewed my investment performance and assessed my returns.
6/4/2023 19:22,I attended a seminar on financial planning and learned about wealth management.
6/5/2023 0:05,I made a charitable donation of $50 to a local organization.
6/5/2023 0:34,I purchased a new laptop for $1000 to support my work.
6/5/2023 11:26,I compared prices before buying a new appliance and saved $30.
6/6/2023 7:10,I researched different credit card options and applied for one with better rewards.
6/6/2023 9:05,I withdrew $100 in cash for small expenses throughout the week.
6/7/2023 4:09,I paid my monthly rent of $1200 to my landlord.
6/7/2023 7:55,I reviewed my investment performance and assessed my returns.
6/8/2023 16:39,I attended a seminar on financial planning and learned about wealth management.
6/8/2023 18:34,I made a charitable donation of $50 to a local organization.
6/8/2023 20:58,I purchased a new laptop for $1000 to support my work.
6/9/2023 17:58,I compared prices before buying a new appliance and saved $30.
6/9/2023 23:58,I researched different credit card options and applied for one with better rewards.
6/10/2023 7:39,I withdrew $100 in cash for small expenses throughout the week.
6/10/2023 9:25,I paid my monthly rent of $1200 to my landlord.
6/11/2023 0:27,I reviewed my investment performance and assessed my returns.
6/11/2023 8:48,I attended a seminar on financial planning and learned about wealth management.
6/11/2023 22:00,I made a charitable donation of $50 to a local organization.
6/13/2023 8:41,I purchased a new laptop for $1000 to support my work.
6/13/2023 12:10,I compared prices before buying a new appliance and saved $30.
6/13/2023 12:31,I researched different credit card options and applied for one with better rewards.
6/13/2023 15:59,I withdrew $100 in cash for small expenses throughout the week.
6/13/2023 21:49,I paid my monthly rent of $1200 to my landlord.
6/17/2023 2:48,I reviewed my investment performance and assessed my returns.
6/17/2023 4:16,I attended a seminar on financial planning and learned about wealth management.
6/17/2023 10:03,I made a charitable donation of $50 to a local organization.
6/18/2023 6:12,I purchased a new laptop for $1000 to support my work.
6/18/2023 15:43,I compared prices before buying a new appliance and saved $30.
6/19/2023 1:09,I researched different credit card options and applied for one with better rewards.
6/19/2023 2:28,I withdrew $100 in cash for small expenses throughout the week.
6/19/2023 8:27,I paid my monthly rent of $1200 to my landlord.
6/20/2023 5:21,I reviewed my investment performance and assessed my returns.
6/20/2023 7:51,I attended a seminar on financial planning and learned about wealth management.
6/20/2023 9:30,I made a charitable donation of $50 to a local organization.
6/20/2023 16:24,I purchased a new laptop for $1000 to support my work.
6/20/2023 20:02,I compared prices before buying a new appliance and saved $30.
6/21/2023 5:12,I researched different credit card options and applied for one with better rewards.
6/21/2023 15:58,I withdrew $100 in cash for small expenses throughout the week.
6/21/2023 22:24,I paid my monthly rent of $1200 to my landlord.
6/22/2023 3:44,I reviewed my investment performance and assessed my returns.
6/22/2023 6:24,I attended a seminar on financial planning and learned about wealth management.
6/23/2023 15:01,I made a charitable donation of $50 to a local organization.
6/23/2023 20:32,I purchased a new laptop for $1000 to support my work.
